Major group,Family,Species name
Angiosperm,Compositae,Achillea millefolium 
Angiosperm,Compositae,Achillea ptarmica 
Angiosperm,Poaceae,Agrostis canina
Angiosperm,Poaceae,Agrostis capillaris 
Angiosperm,Poaceae,Agrostis curtisii 
Angiosperm,Poaceae,Agrostis stolonifera 
Angiosperm,Poaceae,Agrostis vinealis 
Angiosperm,Poaceae,Aira caryophyllea 
Angiosperm,Poaceae,Aira praecox 
Angiosperm,Lamiaceae,Ajuga reptans 
Angiosperm,Rosaceae,Alchemilla alpina 
Angiosperm,Rosaceae,Alchemilla filicaulis 
Angiosperm,Rosaceae,Alchemilla glabra 
Angiosperm,Rosaceae,Alchemilla vestita 
Angiosperm,Rosaceae,Alchemilla vulgaris
Lichen,Parmeliaceae,Alectoria nigricans 
Lichen,Parmeliaceae,Alectoria ochroleuca 
Lichen,Parmeliaceae,Alectoria sarmentosa 
Angiosperm,Betulaceae,Alnus glutinosa 
Angiosperm,Poaceae,Alopecurus alpinus 
Angiosperm,Poaceae,Alopecurus geniculatus 
Angiosperm,Poaceae,Ammophila arenaria 
Angiosperm,Primulaceae,Anagallis tenella 
Bryophyte,Anastrophyllaceae,Anastrepta orcadensis 
Bryophyte,Anastrophyllaceae,Anastrophyllum donianum 
Bryophyte,Andreaeaceae,Andreaea rothii 
Angiosperm,Ericaceae,Andromeda polifolia 
Angiosperm,Ranunculaceae,Anemone nemorosa 
Bryophyte,Aneuraceae,Aneura pinguis 
Angiosperm,Apiaceae,Angelica sylvestris 
Angiosperm,Compositae,Antennaria dioica 
Bryophyte,Antheliaceae,Anthelia julacea 
Angiosperm,Poaceae,Anthoxanthum odoratum 
Angiosperm,Leguminosae,Anthyllis vulneraria 
Angiosperm,Apiaceae,Apium inundatum 
Angiosperm,Ericaceae,Arctostaphylos alpinus 
Angiosperm,Ericaceae,Arctostaphylos uva-ursi 
Angiosperm,Plumbaginaceae,Armeria maritima 
Angiosperm,Poaceae,Arrhenatherum elatius 
Angiosperm,Leguminosae,Astragalus danicus 
Pteridophyte,Athyriaceae,Athyrium filix-femina 
Angiosperm,Amaranthaceae,Atriplex prostrata 
Bryophyte,Aulacomniaceae,Aulacomnium palustre 
Angiosperm,Poaceae,Avenula pubescens 
Angiosperm,Alismataceae,Baldellia ranunculoides 
Bryophyte,Anastrophyllaceae,Barbilophozia floerkei 
Bryophyte,Anastrophyllaceae,Barbilophozia lycopodioides 
Angiosperm,Orobanchaceae,Bartsia alpina 
Bryophyte,Lepidoziaceae,Bazzania pearsonii 
Bryophyte,Lepidoziaceae,Bazzania tricrenata 
Angiosperm,Compositae,Bellis perennis 
Angiosperm,Apiaceae,Berula erecta 
Angiosperm,Betulaceae,Betula nana 
Angiosperm,Betulaceae,Betula pubescens 
Pteridophyte,Blechnaceae,Blechnum spicant 
Bryophyte,Seligeriaceae,Blindia acuta 
Angiosperm,Poaceae,Brachypodium sylvaticum 
Bryophyte,Brachytheciaceae,Brachythecium plumosum 
Bryophyte,Brachytheciaceae,Brachythecium rivulare 
Bryophyte,Brachytheciaceae,Brachythecium rutabulum 
Bryophyte,Bartramiaceae,Breutelia chrysocoma 
Angiosperm,Poaceae,Briza media 
Bryophyte,Bryaceae,Bryum pseudotriquetrum 
Bryophyte,Bryaceae,Bryum weigelii 
Angiosperm,Poaceae,Calamagrostis canescens 
Bryophyte,Amblystegiaceae,Calliergon cordifolium 
Bryophyte,Amblystegiaceae,Calliergon cuspidatum 
Bryophyte,Amblystegiaceae,Calliergon giganteum 
Bryophyte,Amblystegiaceae,Calliergon sarmentosum 
Bryophyte,Amblystegiaceae,Calliergon stramineum 
Bryophyte,Amblystegiaceae,Calliergon trifarium 
Angiosperm,Plantaginaceae,Callitriche stagnalis
Angiosperm,Ericaceae,Calluna vulgaris 
Angiosperm,Ranunculaceae,Caltha palustris 
Bryophyte,Calypogeiaceae,Calypogeia fissa 
Bryophyte,Calypogeiaceae,Calypogeia muelleriana 
Bryophyte,Calypogeiaceae,Calypogeia trichomanis 
Angiosperm,Convolvulaceae,Calystegia sepium 
Angiosperm,Campanulaceae,Campanula rotundifolia 
Bryophyte,Amblystegiaceae,Campylium elodes 
Bryophyte,Amblystegiaceae,Campylium stellatum var. stellatum
Bryophyte,Dicranaceae,Campylopus atrovirens 
Bryophyte,Dicranaceae,Campylopus brevipilus 
Bryophyte,Dicranaceae,Campylopus introflexus 
Bryophyte,Dicranaceae,Campylopus paradoxus 
Bryophyte,Dicranaceae,Campylopus pyriformis 
Bryophyte,Dicranaceae,Campylopus setifolius 
Bryophyte,Dicranaceae,Campylopus shawii 
Angiosperm,Brassicaceae,Cardamine flexuosa 
Angiosperm,Brassicaceae,Cardamine pratensis 
Angiosperm,Cyperaceae,Carex acutiformis 
Angiosperm,Cyperaceae,Carex appropinquata 
Angiosperm,Cyperaceae,Carex aquatilis 
Angiosperm,Cyperaceae,Carex arenaria 
Angiosperm,Cyperaceae,Carex atrofusca 
Angiosperm,Cyperaceae,Carex bigelowii 
Angiosperm,Cyperaceae,Carex binervis 
Angiosperm,Cyperaceae,Carex capillaris 
Angiosperm,Cyperaceae,Carex caryophyllea 
Angiosperm,Cyperaceae,Carex curta 
Angiosperm,Cyperaceae,Carex demissa 
Angiosperm,Cyperaceae,Carex diandra 
Angiosperm,Cyperaceae,Carex dioica 
Angiosperm,Cyperaceae,Carex disticha 
Angiosperm,Cyperaceae,Carex echinata 
Angiosperm,Cyperaceae,Carex elata 
Angiosperm,Cyperaceae,Carex flacca 
Angiosperm,Cyperaceae,Carex hirta 
Angiosperm,Cyperaceae,Carex hostiana 
Angiosperm,Cyperaceae,Carex lasiocarpa 
Angiosperm,Cyperaceae,Carex lepidocarpa 
Angiosperm,Cyperaceae,Carex limosa 
Angiosperm,Cyperaceae,Carex montana 
Angiosperm,Cyperaceae,Carex nigra 
Angiosperm,Cyperaceae,Carex otrubae 
Angiosperm,Cyperaceae,Carex ovalis 
Angiosperm,Cyperaceae,Carex panicea 
Angiosperm,Cyperaceae,Carex paniculata 
Angiosperm,Cyperaceae,Carex paupercula 
Angiosperm,Cyperaceae,Carex pilulifera 
Angiosperm,Cyperaceae,Carex pulicaris 
Angiosperm,Cyperaceae,Carex rariflora 
Angiosperm,Cyperaceae,Carex rostrata 
Angiosperm,Cyperaceae,Carex saxatilis 
Angiosperm,Cyperaceae,Carex serotina 
Angiosperm,Cyperaceae,Carex vaginata 
Angiosperm,Cyperaceae,Carex vesicaria 
Angiosperm,Apiaceae,Carum verticillatum 
Bryophyte,Catoscopiaceae,Catoscopium nigritum 
Angiosperm,Compositae,Centaurea nigra
Angiosperm,Gentianaceae,Centaurium erythraea 
Bryophyte,Cephaloziaceae,Cephalozia bicuspidata 
Bryophyte,Cephaloziaceae,Cephalozia connivens 
Bryophyte,Cephaloziaceae,Cephalozia lunulifolia 
Bryophyte,Cephaloziaceae,Cephalozia macrostachya 
Bryophyte,Cephaloziellaceae,Cephaloziella divaricata 
Bryophyte,Cephaloziellaceae,Cephaloziella hampeana 
Angiosperm,Caryophyllaceae,Cerastium cerastoides 
Angiosperm,Caryophyllaceae,Cerastium diffusum 
Angiosperm,Caryophyllaceae,Cerastium fontanum 
Bryophyte,Ditrichaceae,Ceratodon purpureus 
Lichen,Parmeliaceae,Cetraria glauca 
Lichen,Parmeliaceae,Cetraria islandica 
Lichen,Parmeliaceae,Cetraria nivalis 
Angiosperm,Compositae,Chamaemelum nobile 
Bryophyte,Lophocoleaceae,Chiloscyphus pallescens 
Bryophyte,Lophocoleaceae,Chiloscyphus polyanthos 
Angiosperm,Saxifragaceae,Chrysosplenium oppositifolium 
Bryophyte,Mniaceae,Cinclidium stygium 
Angiosperm,Compositae,Cirsium arvense 
Angiosperm,Compositae,Cirsium dissectum 
Angiosperm,Compositae,Cirsium helenioides 
Angiosperm,Compositae,Cirsium palustre 
Angiosperm,Cyperaceae,Cladium mariscus 
Lichen,Cladoniaceae,Cladonia arbuscula 
Lichen,Cladoniaceae,Cladonia bellidiflora 
Lichen,Cladoniaceae,Cladonia chlorophaea 
Lichen,Cladoniaceae,Cladonia coccifera 
Lichen,Cladoniaceae,Cladonia coniocraea 
Lichen,Cladoniaceae,Cladonia cornuta 
Lichen,Cladoniaceae,Cladonia crispata 
Lichen,Cladoniaceae,Cladonia deformis 
Lichen,Cladoniaceae,Cladonia fimbriata 
Lichen,Cladoniaceae,Cladonia floerkeana 
Lichen,Cladoniaceae,Cladonia foliacea 
Lichen,Cladoniaceae,Cladonia furcata 
Lichen,Cladoniaceae,Cladonia gracilis 
Lichen,Cladoniaceae,Cladonia impexa 
Lichen,Cladoniaceae,Cladonia leucophaea 
Lichen,Cladoniaceae,Cladonia macilenta 
Lichen,Cladoniaceae,Cladonia pyxidata 
Lichen,Cladoniaceae,Cladonia rangiferina 
Lichen,Cladoniaceae,Cladonia rangiformis 
Lichen,Cladoniaceae,Cladonia squamosa 
Lichen,Cladoniaceae,Cladonia subcervicornis 
Lichen,Cladoniaceae,Cladonia tenuis 
Lichen,Cladoniaceae,Cladonia uncialis 
Lichen,Cladoniaceae,Cladonia verticillata 
Bryophyte,Cephaloziaceae,Cladopodiella fluitans 
Bryophyte,Climaciaceae,Climacium dendroides 
Angiosperm,Brassicaceae,Cochlearia officinalis 
Angiosperm,Brassicaceae,Cochlearia pyrenaica 
Bryophyte,Conocephalaceae,Conocephalum conicum 
Lichen,Parmeliaceae,Cornicularia aculeata 
Angiosperm,Cornaceae,Cornus suecica 
Bryophyte,Amblystegiaceae,Cratoneuron commutatum 
Bryophyte,Amblystegiaceae,Cratoneuron filicinum 
Angiosperm,Compositae,Crepis paludosa 
Pteridophyte,Pteridaceae,Cryptogramma crispa 
Bryophyte,Hypnaceae,Ctenidium molluscum 
Angiosperm,Convolvulaceae,Cuscuta epithymum 
Angiosperm,Poaceae,Cynosurus cristatus 
Angiosperm,Poaceae,Dactylis glomerata 
Angiosperm,Orchidaceae,Dactylorhiza fuchsii 
Angiosperm,Orchidaceae,Dactylorhiza incarnata 
Angiosperm,Orchidaceae,Dactylorhiza maculata 
Angiosperm,Orchidaceae,Dactylorhiza praetermissa 
Angiosperm,Orchidaceae,Dactylorhiza purpurella 
Angiosperm,Orchidaceae,Dactylorhiza traunsteineri 
Angiosperm,Poaceae,Danthonia decumbens 
Angiosperm,Apiaceae,Daucus carota 
Angiosperm,Poaceae,Deschampsia cespitosa 
Angiosperm,Poaceae,Deschampsia flexuosa 
Bryophyte,Dicranaceae,Dicranella heteromalla 
Bryophyte,Dicranaceae,Dicranella palustris 
Bryophyte,Dicranaceae,Dicranodontium uncinatum 
Bryophyte,Dicranaceae,Dicranum bonjeanii 
Bryophyte,Dicranaceae,Dicranum fuscescens 
Bryophyte,Dicranaceae,Dicranum majus 
Bryophyte,Dicranaceae,Dicranum scoparium 
Angiosperm,Plantaginaceae,Digitalis purpurea 
Pteridophyte,Lycopodiaceae,Diphasiastrum alpinum 
Bryophyte,Scapaniaceae,Diplophyllum albicans 
Bryophyte,Ditrichaceae,Ditrichum flexicaule
Bryophyte,Amblystegiaceae,Drepanocladus exannulatus 
Bryophyte,Amblystegiaceae,Drepanocladus fluitans 
Bryophyte,Amblystegiaceae,Drepanocladus revolvens 
Bryophyte,Amblystegiaceae,Drepanocladus vernicosus 
Angiosperm,Droseraceae,Drosera anglica 
Angiosperm,Droseraceae,Drosera intermedia 
Angiosperm,Droseraceae,Drosera rotundifolia 
Pteridophyte,Dryopteridaceae,Dryopteris abbreviata 
Pteridophyte,Dryopteridaceae,Dryopteris carthusiana 
Pteridophyte,Dryopteridaceae,Dryopteris dilatata 
Pteridophyte,Dryopteridaceae,Dryopteris filix-mas
Angiosperm,Cyperaceae,Eleocharis multicaulis 
Angiosperm,Cyperaceae,Eleocharis palustris 
Angiosperm,Cyperaceae,Eleocharis quinqueflora 
Angiosperm,Cyperaceae,Eleocharis uniglumis 
Angiosperm,Poaceae,Elymus repens 
Angiosperm,Ericaceae,Empetrum nigrum subsp. Hermaphroditu
Angiosperm,Ericaceae,Empetrum nigrum subsp. Nigrum
Angiosperm,Onagraceae,Epilobium alsinifolium 
Angiosperm,Onagraceae,Epilobium anagallidifolium 
Angiosperm,Onagraceae,Epilobium hirsutum 
Angiosperm,Onagraceae,Epilobium nerterioides 
Angiosperm,Onagraceae,Epilobium obscurum 
Angiosperm,Onagraceae,Epilobium palustre 
Angiosperm,Onagraceae,Epilobium parviflorum 
Angiosperm,Orchidaceae,Epipactis palustris 
Pteridophyte,Equisetaceae,Equisetum arvense 
Pteridophyte,Equisetaceae,Equisetum fluviatile 
Pteridophyte,Equisetaceae,Equisetum palustre 
Pteridophyte,Equisetaceae,Equisetum variegatum 
Angiosperm,Ericaceae,Erica ciliaris 
Angiosperm,Ericaceae,Erica cinerea 
Angiosperm,Ericaceae,Erica tetralix 
Angiosperm,Ericaceae,Erica vagans 
Angiosperm,Cyperaceae,Eriophorum angustifolium 
Angiosperm,Cyperaceae,Eriophorum latifolium 
Angiosperm,Cyperaceae,Eriophorum vaginatum 
Angiosperm,Compositae,Eupatorium cannabinum 
Angiosperm,Orobanchaceae,Euphrasia confusa 
Angiosperm,Orobanchaceae,Euphrasia frigida 
Angiosperm,Orobanchaceae,Euphrasia micrantha 
Angiosperm,Orobanchaceae,Euphrasia officinalis
Bryophyte,Brachytheciaceae,Eurhynchium praelongum 
Angiosperm,Poaceae,Festuca arundinacea 
Angiosperm,Poaceae,Festuca ovina 
Angiosperm,Poaceae,Festuca rubra
Angiosperm,Poaceae,Festuca vivipara 
Angiosperm,Rosaceae,Filipendula ulmaria 
Angiosperm,Rosaceae,Filipendula vulgaris 
Bryophyte,Fissidentaceae,Fissidens adianthoides 
Bryophyte,Fissidentaceae,Fissidens osmundoides 
Bryophyte,Jubulaceae,Frullania tamarisci 
Angiosperm,Lamiaceae,Galeopsis tetrahit 
Angiosperm,Rubiaceae,Galium aparine 
Angiosperm,Rubiaceae,Galium debile 
Angiosperm,Rubiaceae,Galium palustre
Angiosperm,Rubiaceae,Galium saxatile 
Angiosperm,Rubiaceae,Galium uliginosum 
Angiosperm,Rubiaceae,Galium verum 
Angiosperm,Leguminosae,Genista anglica 
Angiosperm,Leguminosae,Genista pilosa 
Angiosperm,Geraniaceae,Geranium robertianum 
Angiosperm,Geraniaceae,Geranium sanguineum 
Angiosperm,Rosaceae,Geum rivale 
Angiosperm,Primulaceae,Glaux maritima 
Angiosperm,Poaceae,Glyceria fluitans 
Angiosperm,Poaceae,Glyceria maxima 
Angiosperm,Orchidaceae,Gymnadenia conopsea 
Bryophyte,Anastrophyllaceae,Gymnocolea inflata 
Bryophyte,Pottiaceae,Gymnostomum aeruginosum 
Bryophyte,Pottiaceae,Gymnostomum recurvirostrum 
Angiosperm,Orchidaceae,Hammarbya paludosa 
Bryophyte,Geocalycaceae,Harpanthus flotovianus 
Angiosperm,Cistaceae,Helianthemum nummularium 
Angiosperm,Apiaceae,Heracleum sphondylium 
Bryophyte,Herbertaceae,Herbertus aduncus 
Bryophyte,Herbertaceae,Herbertus stramineus 
Angiosperm,Compositae,Hieracium pilosella 
Angiosperm,Poaceae,Holcus lanatus 
Angiosperm,Poaceae,Holcus mollis 
Bryophyte,Brachytheciaceae,Homalothecium nitens 
Pteridophyte,Lycopodiaceae,Huperzia selago 
Angiosperm,Araliaceae,Hydrocotyle vulgaris 
Bryophyte,Amblystegiaceae,Hygrohypnum luridum 
Bryophyte,Amblystegiaceae,Hygrohypnum ochraceum 
Bryophyte,Hylocomiaceae,Hylocomium splendens 
Bryophyte,Hylocomiaceae,Hylocomium umbratum 
Pteridophyte,Hymenophyllaceae,Hymenophyllum wilsonii 
Angiosperm,Hypericaceae,Hypericum elodes 
Angiosperm,Hypericaceae,Hypericum humifusum 
Angiosperm,Hypericaceae,Hypericum pulchrum 
Angiosperm,Hypericaceae,Hypericum tetrapterum 
Angiosperm,Hypericaceae,Hypericum undulatum 
Bryophyte,Hypnaceae,Hypnum cupressiforme
Bryophyte,Hypnaceae,Hypnum jutlandicum 
Angiosperm,Compositae,Hypochaeris radicata 
Lichen,Parmeliaceae,Hypogymnia physodes 
Angiosperm,Iridaceae,Iris pseudacorus 
Angiosperm,Cyperaceae,Isolepis setacea 
Angiosperm,Campanulaceae,Jasione montana 
Angiosperm,Juncaceae,Juncus acutiflorus 
Angiosperm,Juncaceae,Juncus alpinoarticulatus 
Angiosperm,Juncaceae,Juncus articulatus 
Angiosperm,Juncaceae,Juncus bufonius
Angiosperm,Juncaceae,Juncus bulbosus 
Angiosperm,Juncaceae,Juncus castaneus 
Angiosperm,Juncaceae,Juncus conglomeratus 
Angiosperm,Juncaceae,Juncus effusus 
Angiosperm,Juncaceae,Juncus inflexus 
Angiosperm,Juncaceae,Juncus maritimus 
Angiosperm,Juncaceae,Juncus squarrosus 
Angiosperm,Juncaceae,Juncus subnodulosus 
Angiosperm,Juncaceae,Juncus trifidus 
Angiosperm,Juncaceae,Juncus triglumis 
Bryophyte,Jungermanniaceae,Jungermannia atrovirens 
Bryophyte,Jungermanniaceae,Jungermannia exsertifolia 
Bryophyte,Jungermanniaceae,Jungermannia obovata 
Bryophyte,Jungermanniaceae,Jungermannia sphaerocarpa 
Gymnosperm,Cupressaceae,Juniperus communis 
Bryophyte,Dicranaceae,Kiaeria starkei 
Angiosperm,Cyperaceae,Kobresia simpliciuscula 
Angiosperm,Poaceae,Koeleria macrantha 
Angiosperm,Polygonaceae,Koenigia islandica 
Bryophyte,Lepidoziaceae,Kurzia pauciflora 
Bryophyte,Lepidoziaceae,Kurzia trichoclados 
Angiosperm,Leguminosae,Lathyrus montanus 
Angiosperm,Leguminosae,Lathyrus pratensis 
Bryophyte,Jungermanniaceae,Leiocolea alpestris 
Bryophyte,Jungermanniaceae,Leiocolea bantriensis 
Angiosperm,Araceae,Lemna minor 
Angiosperm,Compositae,Leontodon autumnalis 
Angiosperm,Compositae,Leontodon hispidus 
Angiosperm,Compositae,Leontodon taraxoides 
Bryophyte,Lepidoziaceae,Lepidozia pearsonii 
Bryophyte,Lepidoziaceae,Lepidozia reptans 
Angiosperm,Compositae,Leucanthemum vulgare 
Bryophyte,Dicranaceae,Leucobryum glaucum 
Angiosperm,Linaceae,Linum catharticum 
Angiosperm,Orchidaceae,Listera cordata 
Angiosperm,Campanulaceae,Lobelia urens 
Angiosperm,Ericaceae,Loiseleuria procumbens 
Bryophyte,Lophocoleaceae,Lophocolea bidentata 
Bryophyte,Jungermanniaceae,Lophozia ventricosa 
Angiosperm,Leguminosae,Lotus corniculatus 
Angiosperm,Leguminosae,Lotus uliginosus 
Angiosperm,Juncaceae,Luzula campestris 
Angiosperm,Juncaceae,Luzula multiflora 
Angiosperm,Juncaceae,Luzula pilosa 
Angiosperm,Juncaceae,Luzula spicata 
Angiosperm,Juncaceae,Luzula sylvatica 
Angiosperm,Caryophyllaceae,Lychnis flos-cuculi 
Pteridophyte,Lycopodiaceae,Lycopodiella inundata 
Pteridophyte,Lycopodiaceae,Lycopodium clavatum 
Angiosperm,Lamiaceae,Lycopus europaeus 
Angiosperm,Primulaceae,Lysimachia thyrsiflora 
Angiosperm,Primulaceae,Lysimachia vulgaris 
Angiosperm,Lythraceae,Lythrum salicaria 
Bryophyte,Marchantiaceae,Marchantia polymorpha
Bryophyte,Gymnomitriaceae,Marsupella emarginata 
Bryophyte,Lepicoleaceae,Mastigophora woodsii 
Angiosperm,Compositae,Matricaria maritima 
Bryophyte,Meesiaceae,Meesia uliginosa 
Angiosperm,Orobanchaceae,Melampyrum pratense 
Angiosperm,Lamiaceae,Mentha aquatica 
Angiosperm,Menyanthaceae,Menyanthes trifoliata 
Angiosperm,Caryophyllaceae,Minuartia stricta 
Angiosperm,Caryophyllaceae,Minuartia verna 
Bryophyte,Mniaceae,Mnium hornum 
Bryophyte,Mniaceae,Mnium undulatum 
Bryophyte,Pallaviciniaceae,Moerckia hibernica 
Angiosperm,Poaceae,Molinia caerulea 
Angiosperm,Montiaceae,Montia fontana 
Bryophyte,Geocalycaceae,Mylia anomala 
Bryophyte,Geocalycaceae,Mylia taylorii 
Angiosperm,Boraginaceae,Myosotis laxa 
Angiosperm,Boraginaceae,Myosotis scorpioides 
Angiosperm,Boraginaceae,Myosotis secunda 
Angiosperm,Boraginaceae,Myosotis stolonifera 
Angiosperm,Myricaceae,Myrica gale 
Bryophyte,Jungermanniaceae,Nardia scalaris 
Angiosperm,Poaceae,Nardus stricta 
Angiosperm,Nartheciaceae,Narthecium ossifragum 
Bryophyte,Cephaloziaceae,Nowellia curvifolia 
Lichen,Pertusariaceae,Ochrolechia frigida 
Lichen,Pertusariaceae,Ochrolechia tartarea 
Bryophyte,Cephaloziaceae,Odontoschisma denudatum 
Bryophyte,Cephaloziaceae,Odontoschisma sphagni 
Angiosperm,Apiaceae,Oenanthe crocata 
Angiosperm,Apiaceae,Oenanthe lachenalii 
Bryophyte,Dicranaceae,Oncophorus virens 
Angiosperm,Leguminosae,Ononis repens 
Pteridophyte,Ophioglossaceae,Ophioglossum vulgatum 
Angiosperm,Orchidaceae,Ophrys insectifera 
Bryophyte,Bryaceae,Orthodontium lineare 
Pteridophyte,Osmundaceae,Osmunda regalis 
Angiosperm,Oxalidaceae,Oxalis acetosella 
Angiosperm,Celastraceae,Parnassia palustris 
Angiosperm,Orobanchaceae,Pedicularis palustris 
Angiosperm,Orobanchaceae,Pedicularis sylvatica 
Bryophyte,Pelliaceae,Pellia endiviifolia 
Bryophyte,Pelliaceae,Pellia epiphylla 
Lichen,Peltigera,Peltigera canina 
Angiosperm,Apiaceae,Peucedanum palustre 
Angiosperm,Poaceae,Phalaris arundinacea 
Bryophyte,Bartramiaceae,Philonotis calcarea 
Bryophyte,Bartramiaceae,Philonotis fontana 
Angiosperm,Poaceae,Phleum pratense 
Angiosperm,Poaceae,Phragmites australis 
Pteridophyte,Marsileaceae,Pilularia globulifera 
Angiosperm,Apiaceae,Pimpinella saxifraga 
Angiosperm,Lentibulariaceae,Pinguicula lusitanica 
Angiosperm,Lentibulariaceae,Pinguicula vulgaris 
Gymnosperm,Pinaceae,Pinus sylvestris 
Bryophyte,Plagiochilaceae,Plagiochila asplenioides 
Bryophyte,Plagiochilaceae,Plagiochila carringtonii 
Bryophyte,Plagiochilaceae,Plagiochila spinulosa 
Bryophyte,Mniaceae,Plagiomnium affine 
Bryophyte,Mniaceae,Plagiomnium elatum 
Bryophyte,Mniaceae,Plagiomnium ellipticum 
Bryophyte,Mniaceae,Plagiomnium rostratum 
Bryophyte,Plagiotheciaceae,Plagiothecium undulatum 
Angiosperm,Plantaginaceae,Plantago coronopus 
Angiosperm,Plantaginaceae,Plantago lanceolata 
Angiosperm,Plantaginaceae,Plantago maritima 
Angiosperm,Orchidaceae,Platanthera bifolia 
Lichen,Parmeliaceae,Platismatia glauca 
Lichen,Parmeliaceae,Platismatia norvegica 
Bryophyte,Pleuroziaceae,Pleurozia purpurea 
Bryophyte,Hylocomiaceae,Pleurozium schreberi 
Angiosperm,Poaceae,Poa annua  
Angiosperm,Poaceae,Poa pratensis
Angiosperm,Poaceae,Poa subcaerulea  
Angiosperm,Poaceae,Poa trivialis  
Bryophyte,Bryaceae,Pohlia ludwigii 
Bryophyte,Bryaceae,Pohlia nutans 
Bryophyte,Bryaceae,Pohlia wahlenbergii 
Angiosperm,Polygalaceae,Polygala serpyllifolia 
Angiosperm,Polygalaceae,Polygala vulgaris 
Angiosperm,Polygonaceae,Polygonum amphibium 
Angiosperm,Polygonaceae,Polygonum hydropiper 
Angiosperm,Polygonaceae,Polygonum viviparum 
Bryophyte,Polytrichaceae,Polytrichum alpestre
Bryophyte,Polytrichaceae,Polytrichum alpinum 
Bryophyte,Polytrichaceae,Polytrichum commune 
Bryophyte,Polytrichaceae,Polytrichum juniperinum 
Bryophyte,Polytrichaceae,Polytrichum longisetum 
Bryophyte,Polytrichaceae,Polytrichum piliferum 
Angiosperm,Potamogetonaceae,Potamogeton coloratus 
Angiosperm,Potamogetonaceae,Potamogeton polygonifolius 
Angiosperm,Rosaceae,Potentilla anserina 
Angiosperm,Rosaceae,Potentilla erecta 
Angiosperm,Rosaceae,Potentilla palustris 
Angiosperm,Rosaceae,Potentilla reptans 
Angiosperm,Primulaceae,Primula farinosa 
Angiosperm,Primulaceae,Primula vulgaris 
Angiosperm,Lamiaceae,Prunella vulgaris 
Angiosperm,Rosaceae,Prunus spinosa 
Bryophyte,Brachytheciaceae,Pseudoscleropodium purum 
Pteridophyte,Dennstaedtiaceae,Pteridium aquilinum 
Bryophyte,Ptilidiaceae,Ptilidium ciliare 
Bryophyte,Hypnaceae,Ptilium crista-castrensis 
Angiosperm,Compositae,Pulicaria dysenterica 
Angiosperm,Ericaceae,Pyrola media 
Angiosperm,Ericaceae,Pyrola rotundifolia 
Angiosperm,Fagaceae,Quercus robur 
Bryophyte,Grimmiaceae,Racomitrium canescens
Bryophyte,Grimmiaceae,Racomitrium fasciculare 
Bryophyte,Grimmiaceae,Racomitrium heterostichum
Bryophyte,Grimmiaceae,Racomitrium lanuginosum 
Angiosperm,Ranunculaceae,Ranunculus acris 
Angiosperm,Ranunculaceae,Ranunculus auricomus 
Angiosperm,Ranunculaceae,Ranunculus flammula 
Angiosperm,Ranunculaceae,Ranunculus lingua 
Angiosperm,Ranunculaceae,Ranunculus omiophyllus 
Angiosperm,Ranunculaceae,Ranunculus repens 
Angiosperm,Orobanchaceae,Rhinanthus minor
Bryophyte,Mniaceae,Rhizomnium pseudopunctatum 
Bryophyte,Mniaceae,Rhizomnium punctatum 
Angiosperm,Cyperaceae,Rhynchospora alba 
Angiosperm,Cyperaceae,Rhynchospora fusca 
Bryophyte,Hylocomiaceae,Rhytidiadelphus loreus 
Bryophyte,Hylocomiaceae,Rhytidiadelphus squarrosus 
Bryophyte,Hylocomiaceae,Rhytidiadelphus triquetrus 
Bryophyte,Aneuraceae,Riccardia chamedryfolia 
Bryophyte,Aneuraceae,Riccardia multifida 
Bryophyte,Aneuraceae,Riccardia sinuata 
Angiosperm,Rosaceae,Rosa pimpinellifolia 
Angiosperm,Rosaceae,Rubus chamaemorus 
Angiosperm,Rosaceae,Rubus fruticosus
Angiosperm,Polygonaceae,Rumex acetosa 
Angiosperm,Polygonaceae,Rumex acetosella 
Angiosperm,Polygonaceae,Rumex conglomeratus 
Angiosperm,Polygonaceae,Rumex crispus 
Angiosperm,Polygonaceae,Rumex sanguineus 
Angiosperm,Caryophyllaceae,Sagina nodosa 
Angiosperm,Caryophyllaceae,Sagina procumbens 
Angiosperm,Caryophyllaceae,Sagina saginoides 
Angiosperm,Salicaceae,Salix aurita 
Angiosperm,Salicaceae,Salix cinerea 
Angiosperm,Salicaceae,Salix herbacea 
Angiosperm,Salicaceae,Salix repens 
Angiosperm,Salicaceae,Salix reticulata 
Angiosperm,Primulaceae,Samolus valerandi 
Angiosperm,Rosaceae,Sanguisorba minor 
Angiosperm,Rosaceae,Sanguisorba officinalis 
Angiosperm,Compositae,Saussurea alpina 
Angiosperm,Saxifragaceae,Saxifraga aizoides 
Angiosperm,Saxifragaceae,Saxifraga hirculus 
Angiosperm,Saxifragaceae,Saxifraga hypnoides 
Angiosperm,Saxifragaceae,Saxifraga oppositifolia 
Angiosperm,Saxifragaceae,Saxifraga stellaris 
Bryophyte,Scapaniaceae,Scapania aspera 
Bryophyte,Scapaniaceae,Scapania gracilis 
Bryophyte,Scapaniaceae,Scapania irrigua 
Bryophyte,Scapaniaceae,Scapania nemorea 
Bryophyte,Scapaniaceae,Scapania nimbosa 
Bryophyte,Scapaniaceae,Scapania ornithopodioides 
Bryophyte,Scapaniaceae,Scapania uliginosa 
Bryophyte,Scapaniaceae,Scapania undulata 
Angiosperm,Scheuchzeriaceae,Scheuchzeria palustris 
Angiosperm,Cyperaceae,Schoenus ferrugineus 
Angiosperm,Cyperaceae,Schoenus nigricans 
Angiosperm,Asparagaceae,Scilla verna 
Angiosperm,Cyperaceae,Scirpus cespitosus 
Angiosperm,Cyperaceae,Scirpus fluitans 
Angiosperm,Cyperaceae,Scirpus maritimus 
Angiosperm,Cyperaceae,Scirpus setaceus 
Bryophyte,Amblystegiaceae,Scorpidium scorpioides 
Angiosperm,Scrophulariaceae,Scrophularia auriculata 
Angiosperm,Lamiaceae,Scutellaria galericulata 
Angiosperm,Lamiaceae,Scutellaria minor 
Angiosperm,Crassulaceae,Sedum anglicum 
Angiosperm,Crassulaceae,Sedum villosum 
Pteridophyte,Selaginellaceae,Selaginella selaginoides 
Angiosperm,Compositae,Senecio aquaticus 
Angiosperm,Compositae,Senecio jacobaea 
Angiosperm,Compositae,Serratula tinctoria 
Angiosperm,Poaceae,Sesleria albicans 
Angiosperm,Caryophyllaceae,Silene acaulis 
Angiosperm,Caryophyllaceae,Silene maritima 
Angiosperm,Solanaceae,Solanum dulcamara 
Angiosperm,Compositae,Solidago virgaurea 
Angiosperm,Rosaceae,Sorbus aucuparia 
Angiosperm,Typhaceae,Sparganium angustifolium 
Angiosperm,Typhaceae,Sparganium erectum 
Lichen,Sphaerophoraceae,Sphaerophorus fragilis 
Lichen,Sphaerophoraceae,Sphaerophorus globosus 
Bryophyte,Sphagnaceae,Sphagnum auriculatum 
Bryophyte,Sphagnaceae,Sphagnum capillifolium 
Bryophyte,Sphagnaceae,Sphagnum compactum 
Bryophyte,Sphagnaceae,Sphagnum contortum 
Bryophyte,Sphagnaceae,Sphagnum cuspidatum 
Bryophyte,Sphagnaceae,Sphagnum fimbriatum 
Bryophyte,Sphagnaceae,Sphagnum fuscum 
Bryophyte,Sphagnaceae,Sphagnum girgensohnii 
Bryophyte,Sphagnaceae,Sphagnum imbricatum 
Bryophyte,Sphagnaceae,Sphagnum inundatum 
Bryophyte,Sphagnaceae,Sphagnum lindbergii 
Bryophyte,Sphagnaceae,Sphagnum magellanicum 
Bryophyte,Sphagnaceae,Sphagnum molle 
Bryophyte,Sphagnaceae,Sphagnum palustre 
Bryophyte,Sphagnaceae,Sphagnum papillosum 
Bryophyte,Sphagnaceae,Sphagnum pulchrum 
Bryophyte,Sphagnaceae,Sphagnum recurvum 
Bryophyte,Sphagnaceae,Sphagnum riparium 
Bryophyte,Sphagnaceae,Sphagnum russowii 
Bryophyte,Sphagnaceae,Sphagnum squarrosum 
Bryophyte,Sphagnaceae,Sphagnum strictum 
Bryophyte,Sphagnaceae,Sphagnum subnitens 
Bryophyte,Sphagnaceae,Sphagnum subsecundum
Bryophyte,Sphagnaceae,Sphagnum tenellum 
Bryophyte,Sphagnaceae,Sphagnum teres 
Bryophyte,Sphagnaceae,Sphagnum warnstorfii 
Bryophyte,Sphagnaceae,Sphenolobus minutus 
Angiosperm,Lamiaceae,Stachys officinalis 
Angiosperm,Lamiaceae,Stachys palustris 
Angiosperm,Caryophyllaceae,Stellaria alsine 
Angiosperm,Caryophyllaceae,Stellaria graminea 
Angiosperm,Caryophyllaceae,Stellaria media
Angiosperm,Caryophyllaceae,Stellaria palustris 
Angiosperm,Caprifoliaceae,Succisa pratensis 
Angiosperm,Boraginaceae,Symphytum officinale 
Angiosperm,Compositae,Taraxacum officinale 
Angiosperm,Brassicaceae,Teesdalia nudicaulis 
Bryophyte,Splachnaceae,Tetraplodon mnioides 
Angiosperm,Lamiaceae,Teucrium scorodonia 
Angiosperm,Ranunculaceae,Thalictrum alpinum 
Angiosperm,Ranunculaceae,Thalictrum flavum 
Lichen,Icmadophilaceae,Thamnolia vermicularis 
Pteridophyte,Thelypteridaceae,Thelypteris limbosperma 
Pteridophyte,Thelypteridaceae,Thelypteris palustris 
Pteridophyte,Thelypteridaceae,Thelypteris phegopteris 
Bryophyte,Thuidiaceae,Thuidium delicatulum 
Bryophyte,Thuidiaceae,Thuidium tamariscinum 
Angiosperm,Lamiaceae,Thymus praecox 
Angiosperm,Tofieldiaceae,Tofieldia pusilla 
Bryophyte,Pottiaceae,Tortella tortuosa 
Angiosperm,Cyperaceae,Trichophorum cespitosum 
Bryophyte,Trichostomum,Trichostomum brachydontium 
Angiosperm,Primulaceae,Trientalis europaea 
Angiosperm,Leguminosae,Trifolium pratense 
Angiosperm,Leguminosae,Trifolium repens 
Angiosperm,Juncaginaceae,Triglochin maritima 
Angiosperm,Juncaginaceae,Triglochin palustris 
Bryophyte,Jungermanniaceae,Tritomaria quinquedentata 
Angiosperm,Ranunculaceae,Trollius europaeus 
Angiosperm,Compositae,Tussilago farfara 
Angiosperm,Leguminosae,Ulex europaeus 
Angiosperm,Leguminosae,Ulex gallii 
Angiosperm,Leguminosae,Ulex minor 
Angiosperm,Urticaceae,Urtica dioica 
Angiosperm,Lentibulariaceae,Utricularia intermedia 
Angiosperm,Lentibulariaceae,Utricularia minor 
Angiosperm,Ericaceae,Vaccinium microcarpum 
Angiosperm,Ericaceae,Vaccinium myrtillus 
Angiosperm,Ericaceae,Vaccinium oxycoccos 
Angiosperm,Ericaceae,Vaccinium uliginosum 
Angiosperm,Ericaceae,Vaccinium vitis-idaea 
Angiosperm,Caprifoliaceae,Valeriana dioica 
Angiosperm,Caprifoliaceae,Valeriana officinalis 
Angiosperm,Plantaginaceae,Veronica beccabunga 
Angiosperm,Plantaginaceae,Veronica officinalis 
Angiosperm,Plantaginaceae,Veronica scutellata 
Angiosperm,Plantaginaceae,Veronica serpyllifolia 
Angiosperm,Leguminosae,Vicia cracca 
Angiosperm,Violaceae,Viola lactea 
Angiosperm,Violaceae,Viola palustris 
Angiosperm,Violaceae,Viola riviniana 
Alga,Zygnemataceae,Zygogonium ericetorum 